place_id,name,formatted_address,lat,lng,types,rating,price_level
ChIJU8dK7LAFdkgROFFpkTRqXzU,Sloane Square Car Park,"2 Cheltenham Terrace, London SW3 4RD, United Kingdom",51.49020549999999,-0.1606194,parking,4.6,0
ChIJgasn7GoFdkgRvWfFIwwpL_Y,Chelsea Cloisters Car Park,"Chelsea Cloisters, Sloane Ave, London SW3 3EL, United Kingdom",51.4927243,-0.167165,parking,3.7,0
ChIJcRkZsYUFdkgRLHu4AHcbaoI,Harrods Car Park,"6 Brompton Pl, London SW3 1QE, United Kingdom",51.4984642,-0.1645438,parking,2,0
ChIJZYWNWjsFdkgR0SqMZeJB97E,Kingston House Garage South,"Kingston House Garage South, 1-32 Ennismore Gardens, London SW7 1NF, United Kingdom",51.50015819999999,-0.1715129,parking,4.4,0
ChIJQwmUwWoFdkgRKaY3_7MvgzQ,ParkBee Chelsea Cloisters - Sloane Avenue,"Chelsea Cloisters Garage, Sloane Ave, Makins St, London SW3 3DW, United Kingdom",51.4923859,-0.1664495,parking,2.9,0
ChIJzdS9EmwFdkgRI1KqPG2nmL0,JustPark Sydney Street,"102 Sydney St, London SW3 6NR, United Kingdom",51.487892,-0.168832,parking,3.2,0
ChIJ-RUuvDwFdkgRQ_PYVgoGdI8,London Pavilion Road,"28 Pavilion Rd, London SW1X 0HH, United Kingdom",51.4998201,-0.1609509,parking,3.5,0
ChIJG4IcmDkFdkgRdlQz9o4ZdC8,Q-Park Knightsbridge,"Kinnerton St, London SW1X 8EA, United Kingdom",51.500786,-0.15671,parking,3.5,0
ChIJGy9vux4FdkgR7YnbSKwmbOQ,Q-Park Pimlico,"Cumberland St, Pimlico, London SW1V 4LR, United Kingdom",51.490134,-0.146518,parking,4.1,0
ChIJNWhGkjEFdkgRXX4I5Jt45ck,Q-Park Park Lane,"Park Ln, London W1K 7AN, United Kingdom",51.50933999999999,-0.156611,parking,4,0
ChIJ615rGDwFdkgRyNwfqEECLZ8,NCP,"Cadogan Pl, London SW1X 9SA, United Kingdom",51.497898,-0.1579859,parking,3.8,0
ChIJNWnw9uOp2EcR83MEwh3M-sw,Car Park 1 - O2 Arena London,"Millennium Way, London SE10, United Kingdom",51.4976302,0.0058211,parking,3.9,0
ChIJPYPz1_YPdkgRNpCrzEMart0,Kensington High Street Car Park - Saba Parking,"Hornton St, London W8 7NX, United Kingdom",51.5012363,-0.1947881,parking,3.3,0
ChIJBf-TSDMFdkgRrxF_5nNJluc,Car Park Oxford Street (West) - London | APCOA,"21 Bryanston St, London W1H 7AB, United Kingdom",51.51428139999999,-0.1573694,parking,3.4,0
ChIJeaf15AQFdkgRdiY5pWuOwgo,Chelsea Bridge Wharf Car Park,"372 Queenstown Rd, Nine Elms, London SW11 8PP, United Kingdom",51.4819866,-0.1489712,parking,4,0
ChIJ_QIfhGUFdkgR9g44VdV1uOY,ParkBee Care Park - Knightsbridge,"101 Knightsbridge, London SW1X 7RN, United Kingdom",51.5014699,-0.1590072,parking,3.3,0
ChIJc4nbUDYDdkgRLmvFcUvKZYU,NCP London Thomas More Square Car Park,"1 Nesham St, London E1W 1YU, United Kingdom",51.5074489,-0.0674543,parking,4.2,0
ChIJAQBwYl0FdkgRwTGV9YcyC9U,parking kensington,"46 Harrington Rd, South Kensington, London SW7 3ND, United Kingdom",51.4939719,-0.1782086,parking,3.8,0
ChIJCecwtXkFdkgRCUGmfAfurAM,JustPark,"Princes Gate, London SW7 1PT, United Kingdom",51.501668,-0.17298,parking,3.5,0
ChIJfRgD4CEFdkgRQbzybrO0lB0,Car Park Victoria Station London - APCOA,"Victoria Station, Eccleston Bridge, London SW1W 9SJ, United Kingdom",51.493952,-0.1454699,parking,4,0
ChIJSz6bXLoEdkgROmk1NgKrhgs,APCOA,"Cornwall Rd, London SE1 9PP, United Kingdom",51.5061571,-0.1114411,parking,4.1,0
ChIJMfuC7qoadkgRXktONKpub3Y,The Waitrose Car Park,"Porchester Terrace N, London W2 6AU, United Kingdom",51.51662779999999,-0.1865529,parking,4.2,0
ChIJ07GHyrgEdkgRKQN_Duhw4pY,Britannia Parking,"Upper Marsh, London SE1 7EL, United Kingdom",51.4992235,-0.1156371,parking,3.8,0
ChIJeWMadLkEdkgRfDMvNm1uDAo,London Waterloo Station Car Park - London | APCOA,"Station Approach Rd, London SE1 8SW, United Kingdom",51.5014827,-0.1128498,parking,3.8,0
ChIJUyV1-7IEdkgRJTRJ5RvYRPU,Green Parking Ltd. Bouverie Street Car Park,"11-15 Bouverie St, Temple, London EC4Y 8DP, United Kingdom",51.5128303,-0.1081608,parking,3.8,0
ChIJxw_SObgEdkgRp7EGEnKIakM,Waterloo Car Park,"39 York Rd, London SE1 7NQ, United Kingdom",51.50226139999999,-0.1160994,parking,4.3,0
ChIJufQFcg8FdkgRfC58R71DhW0,ParkBee APCOA - Cornwall Road,"Cornwall Rd, Sheffield SE1 9PU, United Kingdom",51.506159,-0.1114446,parking,5,0
ChIJFWFlTLUadkgRp7_MM6ftYPA,ParkBee Marble Arch - Kendal Street,"Kendal St, St George's Fields, London W2 2BZ, United Kingdom",51.51562939999999,-0.1644038,parking,4,0
ChIJpct2ua4cdkgRy5mkaiVamTg,NCP London Finsbury Square,"Finsbury Square, London EC2A 1AD, United Kingdom",51.5210108,-0.08703500000000002,parking,3.1,0
ChIJd5CHeawEdkgREwVKFkcaB_s,Baynard House Car Park,"Baynard House Car Park, 133 Queen Victoria St, London EC4V 4BQ, United Kingdom",51.5119425,-0.100455,parking,4.2,0
ChIJ5Wa_OIQFdkgR8YFbW1nQn-8,London Battersea Travelodge Car Park - London | APCOA,"Travelodge, 200 York Rd, London SW11 3SA, United Kingdom",51.4658062,-0.1802469,parking,3.8,0
ChIJ7W33thcFdkgRi4cNGSd1a-E,The Cavendish London Public Car Park,"21 Duke Street St James's, St. James's, London SW1Y 6DB, United Kingdom",51.5077174,-0.1379945,parking,4.5,0
ChIJR8mPpnsFdkgRQVCGUjfxY0s,Chelsea,"Edith Grove, London SW10 0ED, United Kingdom",51.4806008,-0.1800169,parking,3.7,0
ChIJVxGfrlgDdkgRO-nxYgUHSB8,ParkBee Borough - Cole Street,"10-8 Cole St, London SE1 4YH, United Kingdom",51.49962290000001,-0.09302529999999999,parking,3.9,0
ChIJL-PiglMFdkgRqCJQgLnRwi4,ParkBee Holiday Inn - Gloucester Road,"Holiday Inn London - Kensington Forum, an IHG Hotel, 12 Courtfield Rd, London SW7 4DA, United Kingdom",51.4937275,-0.1847625,parking,4,0
ChIJP9OoNVoDdkgR6-z5a2knDFI,NCP,"Kipling St, London SE1 3RU, United Kingdom",51.5021664,-0.0870582,parking,3.3,0
ChIJib8FidEEdkgR_IJJ5XcaDok,Q-Park Leicester Square,"39-41 Whitcomb St., London WC2H 7DT, United Kingdom",51.50948899999999,-0.131158,parking,3.2,0
ChIJ_QmBOAMEdkgRMv-hX_x8YrE,Waylett Place Car Park,"4 Waylett Pl, Norwood, London SE27 9AE, United Kingdom",51.4348389,-0.104452,parking,4,0
ChIJT1y1_PUDdkgR9cuV6TC9-fw,Garage Block,"Maranda Court Estate Rear Of 86 To 92 Rosendale Road London SE21, London SE21 8EX, United Kingdom",51.4363217,-0.09348050000000001,parking,0,0
ChIJGYT4V-IDdkgR3jbwbsyJu88,Sydenham Hill Station Car Park,"College Rd, Sydenham SE21 7ND, United Kingdom",51.4329019,-0.0789776,parking,4.6,0
ChIJc05td-QFdkgRo3oS6QIlEsY,Garage,"15 Chatsworth Way London SE27, London SE27 9HW, United Kingdom",51.43595740000001,-0.1019544,parking,0,0
ChIJdew8-moFdkgRWLtpMY_2x6Q,Garage Block,"Lairdale Estate Rosendale Road London SE21, London SE21 8LY, United Kingdom",51.4463285,-0.0994326,parking,0,0
ChIJg4w__9gDdkgR2SEc3jotx0k,Garage Block,"2 Vincennes Estate Carnac Street London SE27, London SE27 9PA, United Kingdom",51.431917,-0.09308119999999999,parking,0,0
ChIJV69t1iMFdkgR8H5p86cmQNI,Norwood Road Garage Block,"317 Norwood Rd, Norwood, London SE21 8LB, United Kingdom",51.4428356,-0.1047042,parking,0,0
ChIJaePRpZYFdkgR9PSBdS1UqXo,Garage Block,"Rear Of 399 Norwood Road London SE24, London SE27 9BU, United Kingdom",51.4388686,-0.1053649,parking,0,0
ChIJpYjtpVkFdkgRIbngEtSHvmE,Barston Road Garage 1,"3 Barston Rd, Norwood, London SE27 9HE, United Kingdom",51.43595879999999,-0.0976233,parking,0,0
ChIJubqAyMsBdkgRXJarHzzdm3E,Garage Block - Vincennes Estate,"Unit 1, Vincennes Estate, St Gothard Rd, Norwood, London SE27 9PL, United Kingdom",51.4305894,-0.09308999999999999,parking,0,0
ChIJ7zTLA4wDdkgRTpFjlMA-4TE,Dulwich&sydenham golf club car park,"London SE21 7LH, United Kingdom",51.4372,-0.0742191,parking,0,0
ChIJ58xE37kFdkgR008mYwB1_Ew,Garage Block,"Hainthorpe Estate Prioress Road London SE27, London SE27 0PT, United Kingdom",51.43192980000001,-0.1066658,parking,0,0
ChIJbV1t07IFdkgRsOrKedL1IFU,Dunelm Garage Block,"1 Dunbar, Dunelm Estate, Dunelm Grove, London SE27 9JY, United Kingdom",51.432375,-0.1008775,parking,0,0
ChIJac3rkKQFdkgRi-4GINQm05I,Constantine House Garage Block,"Constantine House, 41 Abbess Cl, Norwood, London SW2 3BN, United Kingdom",51.4424344,-0.1080229,parking,0,0
ChIJM1lDfVkFdkgR06RW8X78EHc,Garage Block,"Meath Estate Regent Road London SE24, London SE24 0EJ, United Kingdom",51.4540357,-0.1063922,parking,0,0
ChIJwxteO0EFdkgRgbgwRygmUXs,Garage Block,"Eccleston House Tulse Hill Estate Tulse Hill London SW2, London SW2 2HP, United Kingdom",51.452696,-0.1127027,parking,0,0
ChIJmcfirLIBdkgRaid3HNKJDSc,Garage Block - Alexandra Drive,"Alexandra Dr, Norwood, London SE19, United Kingdom",51.42361529999999,-0.08697379999999999,parking,0,0
ChIJ-fF8nI0FdkgRsw3hCLB0vsg,Yeoman Close Garage Block,"Hainthorpe Estate, Yeoman Cl, London SE27 0PS, United Kingdom",51.4330636,-0.1075507,parking,5,0
ChIJ2xlQIyEHdkgRcPMUMAbOhe8,Garage Block,"1 Windsor Close Estate Windsor Close London SE27, London SE27 9LX, United Kingdom",51.4286801,-0.100067,parking,0,0
ChIJoT15U4cFdkgRkp57k-UZFqw,Dutton House Garage Block,"Dutton House Deronda Estate Scoles Crescent London SW2, London SW2 3DT, United Kingdom",51.4435739,-0.10897,parking,0,0
ChIJ0z0PLmcFdkgRiyxUJmczosY,Brixton Car Park,"321, 331 Coldharbour Ln, London SW9 8RX, United Kingdom",51.4626959,-0.1083636,parking,3.6,0
ChIJi0sUMSUFdkgRnCvDQAsTDQY,Stockwell Park Car Park,"London SW9 0UG, United Kingdom",51.4690021,-0.1149397,parking,0,0
ChIJIwRDef4FdkgRh-CRVQUdzfI,JustPark Ferndale Road,"Ferndale Rd, London SW9 8BA, United Kingdom",51.4638968,-0.1171722,parking,3.1,0
ChIJIQiT-IAFdkgR6EX_2OhObgg,Garage Block,"Fleet House Brockwell Park Estate Effra Parade London SW2, London SW2 1QG, United Kingdom",51.4565875,-0.1101646,parking,0,0
ChIJo_zdDgIFdkgR482gFY2BCBM,Blue Badge Holders Only Parking Bays - King's College Hospital,"Bessemer Rd, London SE5 9PJ, United Kingdom",51.4686556,-0.0937856,parking,4,0
ChIJ1TkLhXAFdkgRzUpK4EznBTE,Garage Block,"Brighton Terrace Estate Trinity Gardens London SW2, London SW9 8DP, United Kingdom",51.4611154,-0.1188724,parking,0,0
ChIJ-0FMOqMFdkgRW_RdtDwa2Ag,Garage,"35 Clapham Road London SW9, London SW9 0JD, United Kingdom",51.4807159,-0.1138841,parking,0,0
ChIJzUKn_BIFdkgREfqQsrpcrx4,JustPark,"Lavender Hill, London SW11 1JG, United Kingdom",51.46537,-0.16496,parking,0,0
ChIJASDWxogGdkgRD4X9tldHuOo,Streatham Common Station,"Estreham Rd, London, United Kingdom",51.4189049,-0.1356912,parking,4.3,0
ChIJAQAw8kYDdkgRe9h5NmJE3Sg,Tower Bridge Parking,"The Circle, Queen Elizabeth St, London SE1 2JE, United Kingdom",51.50154389999999,-0.0740955,parking,4.4,0
ChIJ7YTLooYNdkgRLvuzt7XW_MA,Dean Gardens Car Park,"5 Seaford Rd, London W13 9HP, United Kingdom",51.50985679999999,-0.3221341,parking,3.3,0
ChIJJ9G-eTUTdkgREBvF-G1wKiw,St Anns Car Park,"Clarendon Rd, Harrow HA1 1US, United Kingdom",51.5807339,-0.3379635,parking,3.7,0
ChIJ8YVk_Fel2EcRilS3HNtb-Gw,Cottons Park Car Park,"Cottons Approach, Romford RM7 7AA, United Kingdom",51.57662639999999,0.1747287,parking,4,0
ChIJz_DDvxu72EcR4SxuSew7Wnc,Viking Way Parking Facility,"Viking Way, Rainham RM13 9YT, United Kingdom",51.5193047,0.1925712,parking,0,0
ChIJ0QdaUHWl2EcRz_FONKDd69Q,Bretons Outdoor Centre Car Park,"Rainham Rd, Rainham RM13 7LP, United Kingdom",51.54190750000001,0.187473,parking,0,0
ChIJ-51YBXZxdkgRnDNlTeqsgW4,Heathrow Short Stay Parking Terminal 5,"Heathrow Airport, Wellington Rd, Hounslow TW6 2GA, United Kingdom",51.4721235,-0.4901818,parking,3.7,0
ChIJmWV3Ihmh2EcRyr1lod1HIYQ,"High Road, Loughton","Flat 4, The Mount, 213 High Rd, Loughton IG10 1BB, United Kingdom",51.6444075,0.052163,parking,4.7,0
ChIJ17T38-MFdkgRdb66ydMvFsU,Car Park,"Pope's Rd, London SW9 8JB, United Kingdom",51.4634723,-0.1126369,parking,0,0
ChIJJatvq4EFdkgRM3VdLACrQ7c,Victoria Car Park,"Eccleston Pl, London SW1 9TQ, United Kingdom",51.49542229999999,-0.1468344,parking,4.3,0
ChIJ6a25tZkEdkgRjlZYCLaHrIk,ParkBee Elephant & Castle - Kennington Lane,"Kennington Ln, Newington Butts, London SE11 4RN, United Kingdom",51.4910292,-0.1042748,parking,3.5,0
ChIJ6eQJE8MEdkgRNXUaOdu5kwg,Q-Park Westminster,"Great College St, London SW1P 3RX, United Kingdom",51.497916,-0.126385,parking,4.1,0
ChIJr3vnUGQFdkgREdQ-w08wI0s,ParkBee RCP - Arlington Street,"Arlington St, St. James's, London SW1A 1RA, United Kingdom",51.5064788,-0.1404305,parking,4,0
ChIJweZJe7cCdkgRjuVZTX7LyEI,YourParkingSpace,"Studio 4, Import Building, 2 Clove Cres, London, United Kingdom",51.5101081,-0.004621999999999999,parking,4.5,0
ChIJLUMCdd0EdkgRXNG9GLogzwM,Q-Park Victoria,"Arneway St, London SW1P 2TX, United Kingdom",51.495572,-0.132192,parking,3.9,0
ChIJo3xDEo0FdkgRyN9kcu8m0ts,ParkBee Westminster - Abbey Orchard Street,"House, 3 Abbey Orchard St, SW1P 2JJ Luke, London SW1P 2JJ, United Kingdom",51.4978291,-0.1322159,parking,4,0
ChIJ6xfjY3wFdkgR1Tu_8UlGbsE,Motorbike parking,"London SW8 1SS, United Kingdom",51.4867922,-0.1231825,parking,0,0
ChIJv85vS1EFdkgR5c015pXohHA,"JustPark | London, Ennismore Gardens Mews","Ennismore Gardens Mews, London SW7 1JA, United Kingdom",51.496876,-0.169009,parking,0,0
ChIJcbgqGa8FdkgRRrDqo6Kt7Eo,JustPark,"Cheltenham Terrace, London SW3 4QX, United Kingdom",51.490327,-0.160583,parking,1,0
ChIJAUOso3sFdkgRAQANPrwFy4g,Motorcycle Parking Bay,"19 Flood St, London SW3 5ST, United Kingdom",51.4875884,-0.1665756,parking,0,0
ChIJp9hKVS4FdkgRH7bRV_ygw3E,"JustPark | London, Knightsbridge","Knightsbridge, London SW1X 7RN, United Kingdom",51.501758,-0.158847,parking,0,0
ChIJq9d7kL0FdkgRZYsMHtbSll4,JustPark,"Eaton Square, London SW1W 9AL, United Kingdom",51.49760999999999,-0.1495,parking,4.5,0
ChIJZ9YQHnIFdkgRF6_xwAY2K0c,Garage,"Heath Road Estate Adjacent To 179 To 183 Heath Road London SW8, London SW8 3TN, United Kingdom",51.4698323,-0.1439393,parking,0,0
ChIJsZRhh80EdkgROJ00VxRNeak,Q-Park Chinatown,"Newport Pl, London WC2H 7PU, United Kingdom",51.51235699999999,-0.129548,parking,3.9,0
ChIJ0SbV9_IEdkgRvmdbmMPj2qw,ParkBee Vauxhall - Fentiman Road,"106 Fentiman Rd, London SW8 1QA, United Kingdom",51.4814518,-0.1199784,parking,3,0
ChIJQ_VaLdAEdkgRC0NuXpRnHqg,Q-Park Trafalgar,"Cockspur St, Spring Gardens, St. James's, London SW1A 2TS, United Kingdom",51.50712799999999,-0.129876,parking,3.9,0
ChIJV4L4HtYadkgRmvzQCg2JpNU,Q-Park Soho,"Poland St, London W1F 7LZ, United Kingdom",51.514263,-0.137158,parking,3.6,0
ChIJKQNyLf8PdkgR3lFsnZEjRcI,Euro Car Park - Bayswater,"150 Bayswater Rd, London W2 4RT, United Kingdom",51.5097232,-0.1902894,parking,3.7,0
ChIJDxQnlYQadkgRiaaynkefaco,O2 Centre London,"255 Finchley Rd, Greater, London NW3 6LU, United Kingdom",51.5479467,-0.183835,parking,4.5,0
ChIJr6t3UkYDdkgRoL2-6iBAqJs,Q-Park Tower Bridge,"46-50 Gainsford St, London SE1 2NE, United Kingdom",51.502271,-0.07373299999999999,parking,4.4,0
ChIJMf6GK6QEdkgRlZqcdFHYedc,Union Car Parks,"Ewer St, Great Suffolk St, London SE1 0UE, United Kingdom",51.5039616,-0.1014287,parking,3.9,0
ChIJRZTT0EsDdkgRF65AIclkgDk,Minories Car Park,"1 Shorter St, London E1 8LP, United Kingdom",51.5103045,-0.07318229999999999,parking,4.1,0
ChIJ5Z8x5FUDdkgR9sUNs-oEe5k,NCP London Vintry Thames Exchange,"Bell Wharf Ln, London EC4R 3TB, United Kingdom",51.510208,-0.0925652,parking,3.4,0
ChIJdyP-OhkFdkgRQY_6srzFCpc,National Theatre Car Park,"London SE1 9PX, United Kingdom",51.506393,-0.1143384,parking,4.2,0
ChIJO4EV-UcDdkgRIkP5BtKY4kU,YourParkingSpace HQ - London Borough High Street Car Park,"Alpha House, 100 Borough High St, London SE1 1LB, United Kingdom",51.50331079999999,-0.09239570000000001,parking,4,0
ChIJfd6jJWcFdkgR_Uo3wLYzLD4,Garage,"357 Clapham Road London SW9, London SW9 9AR, United Kingdom",51.4675291,-0.1276596,parking,0,0
ChIJS9P92ncFdkgRfWKasOhBaMQ,Garage Block,"Clapham Manor Estate, Chip St, London SW4 6BW, United Kingdom",51.46377709999999,-0.1360687,parking,0,0
ChIJ1wKEta4FdkgRT2iOV3XeF_M,Garage Block,"1 Thornton Road London SW12, London SW12 0LF, United Kingdom",51.4446802,-0.1348677,parking,0,0
ChIJ727cH_8FdkgR_xJzTXnCGjQ,YourParkingSpace Junction Approach car park,"1SA, Junction Approach, London SW11 1RU, United Kingdom",51.4640759,-0.1690618,parking,5,0
ChIJ4xaobXYFdkgRWxD-4Ilu4uQ,JustPark St. John's Hill,"St John's Hill, London SW11 1RU, United Kingdom",51.4635529,-0.1683192,parking,4,0
ChIJkwOcmFIFdkgRUQ91Myz2BBA,Garage Block,"Blairderry Road London SW2, London SW2 4PJ, United Kingdom",51.4391203,-0.1279268,parking,0,0
ChIJQdvamKwFdkgRiklO0E0hFvo,Garage Block,"Rear Of 1 To 3 Downton Avenue London SW2, London SW2 4TT, United Kingdom",51.4403636,-0.1248604,parking,0,0
ChIJmy4JBhwFdkgRx9sCWvAcXH0,Garage Block,"Waldron House St Matthews Estate Brixton Water Lane London SW2, London SW2 1NZ, United Kingdom",51.4550913,-0.117513,parking,0,0
ChIJsZiIPFwFdkgRtIvZV3eO-uA,Garage Block,"Conway House, Telford Ave, London SW2 4RB, United Kingdom",51.44247910000001,-0.1249508,parking,0,0
ChIJa_hzOKQFdkgRmzVXTIqCk1M,Garage Block,"Cressingham Gardens Estate Longford Walk London SW2, London SW2 2NH, United Kingdom",51.4477211,-0.1122881,parking,2,0
ChIJXQruftoFdkgR4KZNI15D0bU,Garage Block,"Dumbarton Court Dumbarton Court Estate Felsberg Road London SW2, London SW2 5LW, United Kingdom",51.4499159,-0.1236901,parking,0,0
ChIJrcMnVccFdkgRMh2iGaTxGdo,Garage Block,"Hillside Gardens Estate Hillside Road London SW2, London SW2 3HJ, United Kingdom",51.438762,-0.1146568,parking,0,0
ChIJZbX6o5MFdkgRtlQov3waHYM,Garage Block,"Fosbury House Edmundsbury Court Estate Ferndale Road London SW9, London SW9 8AX, United Kingdom",51.4622709,-0.1183271,parking,0,0
ChIJg_rnwlEFdkgRRrULHQ_AQqg,Garage Block,"Dearmer House Tulse Hill Estate Tulse Hill London SW2, London SW2 2NA, United Kingdom",51.449154,-0.1159599,parking,0,0
ChIJLTKhyIEEdkgRBRcVkcuu3Z0,"JustPark | London, Medlar Street","RCCG House of Praise, Medlar St, London SE5 0JU, United Kingdom",51.4762342,-0.0948598,parking,3.7,0
ChIJk6gfbE8FdkgRP7Jdt-TOLyc,Garage Block,"1 Southwyck House Southwyck House Estate Somerleyton Road London SW9, London SW9 8TS, United Kingdom",51.4618735,-0.1099426,parking,0,0
ChIJ_eEanEEFdkgRSnjel-v5Yqk,Garage Block,"1 Horle Walk London SE5, London SE5 9EF, United Kingdom",51.47016,-0.106177,parking,0,0
ChIJhTmm01YFdkgRMlQdzs9WOt4,St George Wharf Car Park,"10 St George Wharf, London SW8 2LZ, United Kingdom",51.485105,-0.1270821,parking,4.8,0
ChIJRyu2a3oFdkgR5sZA6vtJHRE,"JustPark | London, Holiday Inn Express Nine Elms","S Lambeth Rd, London SW8 1RN, United Kingdom",51.480803,-0.124302,parking,0,0
ChIJsYbfiEgFdkgRloB-5gMH3IE,Garage Block,"Walberswick Street London SW8, London SW8 1XF, United Kingdom",51.4785593,-0.122758,parking,0,0
ChIJBYP5pCEFdkgRd2aCS-nSgT8,Garage Block,"South Lambeth Estate Kibworth Street London SW8, London SW8 1AA, United Kingdom",51.4786722,-0.1189964,parking,0,0
ChIJ3aDjJ-EFdkgRNJyLdX_73sw,JustPark Oval Place,"Oval Pl, London SW8 1AR, United Kingdom",51.4789572,-0.1173086,parking,3,0
ChIJFSDrrQkFdkgRiBcljn_PNSg,Garage Block,"Wyvil Estate Wyvil Road London SW8, London SW8 2SU, United Kingdom",51.481402,-0.126163,parking,0,0
ChIJsbRW2IQFdkgRRLy4vNTgd7Q,JustPark,"Vauxhall Bridge Rd, London SW1V 1DX, United Kingdom",51.49356299999999,-0.138705,parking,0,0
ChIJG-xE0DUFdkgRc6YIh3m78TE,Garage Block,"2 Spurgeon Estate, Guildford Rd, London SW8 2DT, United Kingdom",51.4758474,-0.1243509,parking,5,0
ChIJA5uizWAPdkgR-FVvKt8zW_U,NCP Car Park Wandsworth Southside 2,"Buckhold Rd, London SW18 4BS, United Kingdom",51.455706,-0.195478,parking,3.5,0
ChIJg3O4wmAPdkgRnm1yTYNHJhw,NCP Car Park Wandsworth Southside 1,"Garratt Ln, Southside Shopping Centre, London SW18 4AU, United Kingdom",51.45311,-0.1934742,parking,3.8,0
ChIJQ4vbHCsPdkgRjeyQ6EXT5RU,Sheen Lane Car Park,"Sheen Ln, London SW14, United Kingdom",51.4659756,-0.2671959,parking,4.6,0
ChIJ23qIur0adkgRTUPlphDjZwE,Q-Park St John's Wood,"Kingsmill Terrace, London NW8 6AA, United Kingdom",51.534247,-0.173253,parking,3.2,0
ChIJHTOeOc8FdkgRdOaBN85F47M,Garage Block,"101 Larkhall Rise, London SW4 6HR, United Kingdom",51.467743,-0.1391902,parking,0,0
ChIJkR3ciGMFdkgRcFYUJ8Dy4is,Garage Block,"Teignmouth Close Flats Teignmouth Close London SW4, London SW4 7BX, United Kingdom",51.459523,-0.1348868,parking,0,0
ChIJ-xi1JQkFdkgRF-R5zeebrF0,Garage Block,"Bobbin Close Flats Bobbin Close London SW4, London SW4 0HJ, United Kingdom",51.466511,-0.1430302,parking,0,0
ChIJZ6EGnVsFdkgRE5vMtiEa8V0,Garage Block,"Gaskell Street Estate Jeffreys Road London SW4, London SW4 6QA, United Kingdom",51.4715364,-0.1289676,parking,0,0
ChIJvd8fa64FdkgRjW8EO90_pVI,Garage Block,"Bowlands Road Estate Bedford Road London SW4, London SW4 7HA, United Kingdom",51.4606331,-0.1294907,parking,0,0
ChIJQ1Ikp9YadkgRKFbX0FkLe_A,NCP London Harley Street,"6-7 Weymouth Mews, London W1B 1QE, United Kingdom",51.52035360000001,-0.1460938,parking,3.5,0
ChIJE32jtqMFdkgRhe-S3HRKwhA,Garage Block,"St Matthews Estate Crownstone Road London SW2, London SW2 1LY, United Kingdom",51.4576299,-0.1153425,parking,0,0
ChIJ3V3DnmEDdkgRfSyxDonC5T8,Denmark Hill Car Park,"Denmark Hill, London SE5 8AQ, United Kingdom",51.4674694,-0.091435,parking,2.8,0
ChIJhY32SSQEdkgR7TAai6i1o6c,Leigham Court Road,"39 Leigham Ct Rd, London SW16 2NF, United Kingdom",51.4375108,-0.1255329,parking,3,0
ChIJ_eEhyGgFdkgRN4xlPhKRU-g,"JustPark | London, Kennington Oval","Kennington Oval, London SE11 5SS, United Kingdom",51.482954,-0.114655,parking,0,0
ChIJ7UcpLV0PdkgRBb3C9Zqwce8,Car Park West 12 - London | APCOA,"2 Charecroft Way, London W12 8PP, United Kingdom",51.503162,-0.218864,parking,3,0
ChIJGyX-FTwBdkgRaXvjn4Sxxg4,Parking,"81C Thicket Rd, London SE20 8DT, United Kingdom",51.420348,-0.06691269999999999,parking,0,0
ChIJTxvFDMkadkgR9KF77GTXi1Y,NCP London Marylebone Road Car Park,"170 Marylebone Rd, London NW1 5AR, United Kingdom",51.5220355,-0.1594017,parking,3.9,0
ChIJkfCjT18DdkgR2cWjJx3Ar6k,Burgess Park Car Park,"Unnamed Road, London SE5 0DG, United Kingdom",51.4846247,-0.08301929999999999,parking,3.9,0
ChIJLRaDWbsFdkgRrVPIKKsWGsg,Garage,"adjacent to 21 Halsmere Road London SE5, London SE5 9LN, United Kingdom",51.4755545,-0.1014657,parking,1,0
ChIJ8YB23s4FdkgRzSXCEItPa-k,Garage Block,"4 Paulet Road Estate Paulet Road London SE5, London SE5 9JF, United Kingdom",51.4725992,-0.1015918,parking,0,0
ChIJLSQ3vfgFdkgRpH7b1cSK2VA,Garage Block,"1 Paulet Road Estate Paulet Road London SE5, London SE5 9HZ, United Kingdom",51.4709405,-0.1030413,parking,0,0
ChIJW-7YVXoDdkgRKQ0M4D1X3z4,Old Kent Road Car Park,"524 Old Kent Rd, London SE1 5BA, United Kingdom",51.48410029999999,-0.06760569999999999,parking,0,0
ChIJff35WqADdkgReC9LIxbdbKU,Multi storey Car park,"Cerise Rd, London SE15 5HQ, United Kingdom",51.47110319999999,-0.06795949999999999,parking,3.6,0
ChIJaf-z4EADdkgR9HC6fJu9qaw,Car Park,"Falcon House, London SE15 5AS, United Kingdom",51.4726215,-0.0753687,parking,4,0
ChIJzVjM-sADdkgRH2e6SXk8ntQ,JustPark,"Old Kent Rd, London SE1 5BA, United Kingdom",51.48439,-0.06842999999999999,parking,0,0
ChIJV88TkRwDdkgR4Q1Kz-X5fHY,YourParkingSpace Tower Bridge Rd Car Park,"159 Tower Bridge Rd, London SE1 3LP, United Kingdom",51.49934280000001,-0.0792498,parking,3,0
ChIJbU64zJIFdkgRFhxouE7C8fc,Chelsea Secure Parking & Car Storage,"319 Harbour Ave, London SW10 0XD, United Kingdom",51.4749044,-0.1817876,parking,5,0
ChIJyyJdlcwadkgRlJuYtuWyqfc,NCP Portman Square,"Gloucester Pl, London W1H 7BG, United Kingdom",51.5162477,-0.157385,parking,2.9,0
ChIJr4VeakIFdkgRZc9uZrmK_5c,Garage Block,"Clapham Manor Estate, Hickmore Walk, London SW4 6EG, United Kingdom",51.4658947,-0.138228,parking,0,0
ChIJM8M3oYwFdkgR5-jVlYglOHg,Abbeville Road Garage Block,"72 Abbeville Rd, London SW4 9NA, United Kingdom",51.45623260000001,-0.137597,parking,0,0
ChIJN9jVTFkFdkgR5_JupMcutOw,Macaulay Road Garage Block,"1 Macaulay Rd, London SW4 0LW, United Kingdom",51.4654041,-0.1453193,parking,0,0
ChIJje84AccFdkgRlBNMSFRNR2o,Garage Block,"Shore House Willard Estate Heather Close London SW8, London SW8 3BU, United Kingdom",51.4673022,-0.1502807,parking,0,0
ChIJb-3lZkkFdkgRU-7OkOaftcw,Garage Block,"Macaulay Estate, Macaulay Rd, London SW4 0RS, United Kingdom",51.463074,-0.1452885,parking,5,0
ChIJ8XDfuQwFdkgRcKo5WcAUsG0,Albert Car Park,"Albert Bridge Rd, London SW11 4NU, United Kingdom",51.4790672,-0.1638408,parking,4,0
ChIJrZ3TfWgFdkgRJmA0JA30E1Q,Gauden Garage Block,"Gauden Estate, Gauden Rd, London SW4 6LY, United Kingdom",51.46693560000001,-0.1328081,parking,0,0
ChIJWSMEucwEdkgRwO59nR0QD0s,NCP London Covent Garden,"Parker Mews, London WC2B 5NT, United Kingdom",51.5154007,-0.1223439,parking,2.7,0
ChIJPzzXgNMEdkgRwgdGf9t_7-M,NCP London Soho Brewer Street,"32 Brewer St, London W1F 0LA, United Kingdom",51.5120507,-0.1349222,parking,2.7,0
ChIJtzV1dTQbdkgRYdGg-HqpV-U,NCP London Bloomsbury Square Car Park,"30 Bloomsbury Square, London WC1A 2RJ, United Kingdom",51.5187135,-0.1233758,parking,3.9,0
ChIJ54M7_8EFdkgR9U6cgRlEM8E,Wandsworth Common Station,"Jaggard Way, London SW12 8PB, United Kingdom",51.4465477,-0.1634967,parking,3.6,0
ChIJ41_S4dMFdkgRDfTfqsQRIdY,Motorcycle Parking Bay,"1 Terrapin Rd, London SW17 8QN, United Kingdom",51.437255,-0.146401,parking,0,0
ChIJeb7DWG4FdkgRj6nRlXkTWyw,Garage - Mount Ephraim Road,"39 Mount Ephraim Rd, London SW16 1LW, United Kingdom",51.4359186,-0.1315838,parking,0,0
ChIJCdnOObYFdkgRuIZAjNwKro8,Motorcycle Parking Bay,"7, B237, London, United Kingdom",51.45298529999999,-0.1486597,parking,0,0
ChIJHUI6fcYFdkgRUJpIAdFhyb4,Tooting Bec Lido Parking,"London SW16 1RJ, United Kingdom",51.4312817,-0.1401387,parking,0,0
ChIJdYG9C9YFdkgR5tWnFx4VYF8,Dr Johnson Ave Parking,"Dr Johnson Ave, London SW17 8JU, United Kingdom",51.4319631,-0.1466872,parking,4.1,0
ChIJC5-inO0FdkgR3rnAYMD8IO4,Garage Block,"St Alphonsus Road London SW4, London SW4 7BW, United Kingdom",51.4587747,-0.1349977,parking,0,0
ChIJRSfXBukFdkgRG4Wx1fdmlYY,Motorcycle Parking Bay,"3 Wiseton Rd, London SW17 7EE, United Kingdom",51.444324,-0.1672231,parking,0,0
ChIJIeLE9LsFdkgRYuzB4FsFeeA,Motorcycle Parking Bay,"31-77 Canford Rd, London SW11 6PB, United Kingdom",51.4583672,-0.1580587,parking,0,0
ChIJ0cNm2yEFdkgRthB55tFZCgE,Roupell Road Garage Block,"Roupell Road Estate, Roupell Rd, London SW2 3EA, United Kingdom",51.4429496,-0.1188918,parking,0,0
ChIJue-UPKMFdkgRfbLz6wmvx6Y,Notre Dame Garage Block,"Notre Dame Estate, Worsopp Dr, London SW4 9QN, United Kingdom",51.4596083,-0.1401197,parking,0,0
ChIJM2PAVZAFdkgRrOFDO9yoHWM,Virginia Walk Garage Block,"2 Virginia Walk Estate, Helix Rd, London SW2 2JT, United Kingdom",51.4513184,-0.117498,parking,0,0
ChIJ3y74A8kadkgRJiPchbgj5Pk,NCP Car Park London Royal Garden Hotel,"2, 24 Kensington High St, London W8 4PT, United Kingdom",51.5025392,-0.187983,parking,2.9,0
ChIJ1d0LjXIFdkgREgvtDa2XHlk,Amesbury Avenue Garage Block,"217 Amesbury Ave, London SW2 3HR, United Kingdom",51.4375051,-0.1175609,parking,0,0
ChIJ16z77Y8FdkgRijGrLdEFY_M,Waitrose Nine Elms Car Park,"Nine Elms, London SW11 7BS, United Kingdom",51.4822801,-0.1340941,parking,4.5,0
ChIJdYts07YadkgRcntqQtRBYg4,Q-Park Church Street,"Penfold St, London NW8 8BG, United Kingdom",51.52256500000001,-0.170312,parking,3.8,0
ChIJi1FUjKIPdkgRfxX-kGl7LVY,YourParkingSpace Holiday Inn Express Wandsworth Car Park,"Riverside West, Smugglers Way, London SW18 1EG, United Kingdom",51.4622182,-0.189086,parking,0,0
ChIJVTZUsMcCdkgRV-YG87WXdjU,The West India Quay Car Park - Saba Parking,"West India Quay, Hertsmere Rd, London E14 4AN, United Kingdom",51.5076549,-0.0238721,parking,3.5,0
ChIJJ7L0CUwGdkgRQcrem8fS93c,Mitcham Junction Station Car Park,"Station House, Carshalton Rd, Mitcham CR4 4HN, United Kingdom",51.3931459,-0.1577573,parking,3.3,0
ChIJ-0zBI0AGdkgR4MU-OG1XszE,Elm Nursery Car Park,"210 London Rd, Mitcham CR4 3TA, United Kingdom",51.40931399999999,-0.1620721,parking,4.1,0
ChIJ_zfHMYwJdkgRQZ8KgqqEAm4,Parking Zone,"Unit 9105 141 Access House, Morden Rd, Mitcham CR4 4DG, United Kingdom",51.3989864,-0.1790215,parking,0,0
ChIJL25R8y8FdkgRRPbB4vRpBzs,Euro Car Parks - The Mayfair Car Park,"Park Ln, Achilles Way, London W1K 1AB, United Kingdom",51.50493729999999,-0.1512099,parking,3.9,0
ChIJAf4QhfoPdkgRudfO8jtihyk,Car park,"Capital Ring, London SW19 5NR, United Kingdom",51.4381271,-0.2323205,parking,3.7,0
ChIJv-hBZbsEdkgRDHGS2yiJCVI,Pay & Display Parking Waterloo,"Webber Row, London SE1 8QP, United Kingdom",51.4997821,-0.1077433,parking,2.3,0
ChIJ1aaz5BkFdkgR5KbwfoJeuEM,YourParkingSpace Waterloo Hub Hotel Car Park,"54 Kennington Rd, London SE1 7BJ, United Kingdom",51.4968853,-0.1120309,parking,5,0
ChIJ4a_PNNYFdkgRtiuhCdLNd68,Car park,"103 Union St, London SE1 0LA, United Kingdom",51.5039922,-0.0964583,parking,0,0
ChIJw1jesyIFdkgRW0glyDiFhbI,Doon Street Car Park,"Upper Ground, London SE1 9EY, United Kingdom",51.5064871,-0.1126622,parking,3.5,0
ChIJSelqyy4DdkgRkjcLoGwpcdg,JustPark,"Queen Elizabeth St, London SE1 2JE, United Kingdom",51.501504,-0.074093,parking,0,0
ChIJF2MQE04bdkgR0pl3CftH614,NCP London Saffron Hill,"14 St Cross St, London EC1N 8XA, United Kingdom",51.5211523,-0.1068826,parking,3.6,0
ChIJrwM5hb0CdkgR-sda_fB5u-s,NCP London Docklands Cross Harbour,"Selsdon Way, London E14 9GL, United Kingdom",51.4946278,-0.0148404,parking,3.2,0
ChIJF081IsYFdkgRQkQPAemlk4g,Garage Block,"2 Myatts Field South Estate Urlwin Walk London SW9, London SW9 6QG, United Kingdom",51.47187520000001,-0.1079225,parking,0,0
ChIJ5TLnnMIFdkgRNqC2PBHTR3s,YourParkingSpace Regus - London Blackfriars Car Park,"Tallis House, 2 Tallis St, London EC4Y 0AB, United Kingdom",51.511703,-0.1066004,parking,3.4,0
ChIJbekcqBQbdkgRo5r3IKPlcqw,Car Park The O2 Centre - London | APCOA,"255 Finchley Rd, London NW3 6LU, United Kingdom",51.54799,-0.181409,parking,3,0
ChIJw_vBc1UFdkgRmnyVsTkuuUM,Q-Park Queensway,"26 Queensway, London W2 3RX, United Kingdom",51.51108300000001,-0.186899,parking,3.6,0
ChIJUXeSmTEFdkgRLe_Q66Uep-Y,Q-Park Marble Arch,"Cumberland Gate, London W2 2ET, United Kingdom",51.50940199999999,-0.156517,parking,4.3,0
ChIJbTnz8JkEdkgR_EDKy9v8oQM,JustPark Kennington Park Road,"St Mary's Newington, 57a Kennington Park Road, London SE11 4JQ, United Kingdom",51.4888585,-0.1042095,parking,3.6,0
ChIJh-SxV4YFdkgRtKqdsrgr9aM,Juxon St Car Parking Bay,"Juxon St, London SE11 6NH, United Kingdom",51.49437890000001,-0.1166498,parking,4,0
ChIJ2YPQoD0FdkgR51xnRchEZEE,Garage Block,"Penryn House Penwith Manor Estate Othello Close London SE11, London SE11 4HU, United Kingdom",51.4890723,-0.1059077,parking,0,0
ChIJYXHYVlkFdkgRoYfjkfWUPWk,Podium Garage Block,"Cotton Gardens Estate Reedworth Street London SE11, London SE11 4HL, United Kingdom",51.4905859,-0.1074842,parking,0,0
ChIJA7_qPDwFdkgRVHNcE6Bbgqk,Vauxhall Gardens Garage Block,"Dolland House, Vauxhall Gardens Estate, Loughborough St, London SE11 5LN, United Kingdom",51.4875333,-0.1153815,parking,0,0
ChIJq8dLY-UFdkgRloggxlWtknQ,JustPark Beaufoy Walk,"Beaufoy Walk, London SE11 6AA, United Kingdom",51.4911572,-0.1150782,parking,3.3,0
ChIJV_TMIKUFdkgRIl4UnLlZ2no,JustPark,"Upper Marsh, London SE1 7EL, United Kingdom",51.499375,-0.11548,parking,0,0
ChIJvToUbJEEdkgRtTfMDESn_9E,Motorcycle Parking Bay,"36-32 Ravensdon St, London SE11 4AR, United Kingdom",51.4867098,-0.1115748,parking,0,0
ChIJ3ygz5r0EdkgRp6IM5iU1y9w,Motorcycle Parking Bay,"117A Kennington Rd, London SE11 6SF, United Kingdom",51.4952413,-0.1106903,parking,0,0
ChIJowslI4Op2EcRzLw6ppu8snM,Powis Street Car Park,"158 Powis St, London SE18 6NL, United Kingdom",51.49266309999999,0.0622033,parking,0,0
ChIJkxJl1Y0cdkgRbOXo8eFyALk,Gillett Street Car Park,"6 Gillett St, London N16 8AZ, United Kingdom",51.5490428,-0.0763592,parking,3.6,0
ChIJzaNBA60FdkgROvLYbnYsPUg,JustPark,"3-9 Old Burlington St, London W1S 3AD, United Kingdom",51.510369,-0.140385,parking,4.5,0
ChIJz9Vb8dUEdkgRxofWbUinb_U,Q-Park Burlington,"3-9 Old Burlington St, London W1S 3AF, United Kingdom",51.51061499999999,-0.140484,parking,3.9,0
ChIJ0QHEqMoadkgRSHPfm2j3hVc,Express Car Parks Ltd,"Kendal St, Tyburnia, London W2 2BP, United Kingdom",51.5150349,-0.1636377,parking,4.2,0
ChIJUYlH1GIPdkgR1IJacHuoMgM,Riverside West,"Smugglers Way, London SW18 1DB, United Kingdom",51.4626584,-0.1893962,parking,3.7,0
ChIJa9i_a92q2EcRP3HysQFj6kw,Hill The Bromley Town Centre Multi Storey Car Park,"9 Beckenham Ln, Bromley BR2 0DA, United Kingdom",51.4064677,0.0107152,parking,3.7,0
ChIJSUIWEhEPdkgRw3ZV13Wkpqw,Kings Mall Car Park,"London W6 0BT, United Kingdom",51.4942365,-0.2276833,parking,3.9,0
ChIJB3Cn8dUEdkgRbyCjJctURtk,Burlington Car Park,"3-9 Old Burlington St, London W1S 3LD, United Kingdom",51.5104379,-0.1405341,parking,3.4,0
ChIJ1WjzGDobdkgRwhR8rH_gLMU,NCP London Kings Cross St Pancras,"Judd St, London WC1H 9QR, United Kingdom",51.5267353,-0.12382,parking,2.3,0
ChIJnWtljNkQdkgRo6f_Tsj0XnM,Burroughs Gardens Car Park,"London NW4 4AU, United Kingdom",51.58706369999999,-0.2301657,parking,4.7,0
ChIJuaqqakcbdkgRSRZ0KA6J66Q,London Farringdon Travelodge Car Park,"10-42 King's Cross Rd, London WC1X 9QN, United Kingdom",51.5271492,-0.1142687,parking,3.6,0
ChIJa9f1afsEdkgRN2IdWgzJNBs,Waitrose Car Park,"Ponton Rd, Nine Elms, London SW11 7BS, United Kingdom",51.4820273,-0.1338186,parking,3.5,0
ChIJXSPIodUEdkgRWve3e8pFK8A,24 7 Parking Ltd,"162-168 Regent St., London W1B 5TG, United Kingdom",51.5120916,-0.1394358,parking,3.5,0
ChIJ6SAX3ykbdkgRZ-k4ccSWg2o,ParkBee CitiPark - Fitzrovia Clipstone Mews,"Clipstone Mews, London W1W 5DG, United Kingdom",51.52150049999999,-0.1408131,parking,3.9,0
ChIJX3LAXdQadkgR4NgdtWDg2D4,Q-Park Harley Street,"Queen Anne Mews, London W1G 9HF, United Kingdom",51.51786999999999,-0.145928,parking,3.2,0
ChIJAerPOX8FdkgRIZmJsQwsBso,Imperial Wharf Car Park,"London SW6 2SU, United Kingdom",51.4739256,-0.182448,parking,4,0
ChIJpZtI-BgFdkgRJGBcP7lIY94,NCP London Victoria,"Semley Pl, London SW1W 9QL, United Kingdom",51.491855,-0.1496131,parking,3.5,0
ChIJK7S0aVcFdkgRRMhbff5ZlpQ,Garage Block,"Haredale Road London SE24, London SE24 0AF, United Kingdom",51.46045849999999,-0.09655849999999999,parking,0,0
ChIJJyy12CkbdkgR8L6H1TnqzjQ,"CitiPark Clipstone Street, Clipstone Mews - Fitzrovia London","Clipstone Mews, London W1W 5DG, United Kingdom",51.52160139999999,-0.1409551,parking,3.5,0
ChIJDwXa2Buo2EcRtEuGmkaVY8k,Car Park 4 - The O2,"Unnamed Road, London SE10 0BN, United Kingdom",51.4993816,0.0077422,parking,3.6,0
ChIJz9nDwMQPdkgRAZEHHM6abuE,West 12 Centre Car Park,"2 Charecroft Way, London W14 0DQ, United Kingdom",51.5028873,-0.2180307,parking,3.7,0
ChIJ14qq6kQDdkgR23dnvd3VnpE,Swan Court,"9 Tanner St, London SE1 3LE, United Kingdom",51.50053610000001,-0.0806643,parking,0,0
ChIJi_dToh8FdkgRVWEmN2F6haY,Solo Motorcycle parking,"9 Belvedere Rd, London SE1 8YL, United Kingdom",51.5058884,-0.1151371,parking,5,0
ChIJQ_XSn34FdkgRUst3ZqpgzyU,Garage Block,"Ormerod House Fenwick Estate Cottage Grove London SW9, London SW9 9NG, United Kingdom",51.4646668,-0.1272568,parking,0,0
ChIJI9LiXT4FdkgR4Tq_sMJj0MA,Garage Block,"Calais Gate Minet Estate Cormont Road London SE5, London SW9 6AZ, United Kingdom",51.4749354,-0.1046781,parking,0,0
ChIJ31--8u0FdkgR1l0afPuh4rc,Garage Block,"Southwell Road London SE5, London SE5 9AA, United Kingdom",51.4660383,-0.1000552,parking,0,0
ChIJCY6R9dYFdkgRztc-TGhSg8s,Garage Block,"Witchwood House Canterbury Gardens Estate Gresham Road London SW9, London SW9 7NJ, United Kingdom",51.4640436,-0.1099108,parking,0,0
ChIJweDScAwFdkgRoIYFxkQj6QU,Cancell Road Garage Block,"5 Cancell Rd, Vassal, London SW9 6SA, United Kingdom",51.4764709,-0.1086756,parking,0,0
ChIJ7U1b41UFdkgRmRxaoK3erxA,Garage Block,"Rusper Court, Stirling Rd, London SW9 9EG, United Kingdom",51.46866499999999,-0.1260768,parking,0,0
ChIJZ2C6qi8FdkgRficftOYS4ts,Chesterfield House Car Park,"8 Chesterfield Gardens, London W1J 5BQ, United Kingdom",51.5069822,-0.149806,parking,3.6,0
ChIJjVmtnekFdkgR9ZMJ3YfiY9c,Garage Block,"1 Spurgeon Estate, Guildford Rd, London SW8 2DG, United Kingdom",51.47709450000001,-0.1236201,parking,0,0
ChIJg624U_0DdkgR9_CbEBlKGk4,Canada Square Car Park,"1 Canada Square, London E14 5AB, United Kingdom",51.5044135,-0.0157084,parking,5,0
ChIJOTjGCtsPdkgRK7x3rRcCdk4,Westfield London Car Park A,"17 Ariel Way, London W12 7NS, United Kingdom",51.5086139,-0.2218367,parking,4.2,0
ChIJRdZZKusFdkgRjDieSiwUUvc,Coburg Crescent car park,"Chalner House, 140 Coburg Cres, London SW2 3HX, United Kingdom",51.4406852,-0.1144525,parking,0,0
ChIJR3y_28YFdkgRAUSz2eM66RQ,Garage Block,"Myatt House Minet Estate Templar Street London SE5, London SE5 9JD, United Kingdom",51.4722383,-0.1038048,parking,0,0
ChIJJ6jiWxYFdkgRuUYojUqgw6M,Parking Londyn,"Canterbury House, 1 Royal St, London SE1 7LL, United Kingdom",51.4988012,-0.1153809,parking,0,0
ChIJYcKbe2mq2EcRghYiSszcpuU,Civic Centre Multi-Storey Car Park,"Stockwell Cl, Bromley BR1 3UH, United Kingdom",51.4043268,0.0199317,parking,3.6,0
ChIJP2j75z0HdkgRxxjsfKebwNc,Garage Block,"288 Leigham Ct Rd, London SW16 2JB, United Kingdom",51.4254366,-0.1143493,parking,0,0
ChIJvQqBfZMGdkgRxl3nfkRCAMg,Norbury Station Car Park,"351 Norbury Ave, Norbury, London SW16 3RW, United Kingdom",51.41200079999999,-0.1230037,parking,3.7,0
ChIJqSezzQEHdkgRALqxQbySwMU,Conyers Road Garage Block,"25-27 Conyers Rd, London SW16 6LR, United Kingdom",51.424131,-0.1373389,parking,0,0
ChIJ19Pn7wMHdkgRvJg1VQXoQ9k,Garage Block,"Gleneldon Road Estate Adjacent To 63 To 73 Gleneldon Road London SW16, London SW16 2BD, United Kingdom",51.4291175,-0.1272282,parking,0,0
ChIJewpYXkoHdkgRoC53TTJ0Ap0,Garage Block,"Rear Of 43 Greyhound Lane London SW16, London SW16 5NX, United Kingdom",51.4195641,-0.1333624,parking,0,0
ChIJydda-fMHdkgRb46pxn27H8k,Garage Block - Madeira Road,"22-32 Madeira Rd, London SW16 2EA, United Kingdom",51.4274691,-0.1254686,parking,0,0
ChIJS8749hAHdkgRSHjprsCl6iI,Garage Block,"Adjacent To 96 Barrow Road London SW16, London SW16 5PB, United Kingdom",51.4218083,-0.1313529,parking,0,0
ChIJETqRkGQFdkgRpyeC7nIrauE,JustPark,"Arlington St, St. James's, London SW1A 1RA, United Kingdom",51.50722,-0.140802,parking,0,0
ChIJk3mUHSMBdkgRYIytL9xMXy8,Clifford Road Car Park,"Clifford Rd, London SE25 5JH, United Kingdom",51.39775359999999,-0.0737589,parking,4,0
ChIJ6bh-VA8FdkgRI-EjgEaPcvY,JustPark,"St Martin's St, London WC2H 7HH, United Kingdom",51.5088123,-0.1301125,parking,2.7,0
ChIJA3BCpegHdkgRD44UMYXOdNA,Garage Block,"Ryan Court Ryan Court Estate Baldry Gardens London SW16, London SW16 3NP, United Kingdom",51.4185051,-0.126464,parking,0,0
ChIJzZxusCIcdkgR2F0W_9kKfmI,Somerset Road Car Park,"374 High Rd, London N17 9HT, United Kingdom",51.5893354,-0.07000619999999999,parking,3.7,0
ChIJ4RIecQkadkgRyPHRL6ENOK0,Indigo,"68 Northway, London NW11 6PA, United Kingdom",51.5838273,-0.1850767,parking,0,0
ChIJfZ7FNU6n2EcR8JgBSEWEN_o,Alexandra Lake Car Park,"Aldersbrook Rd, London E12 5DH, United Kingdom",51.5594547,0.0394853,parking,4.3,0
ChIJ-WPQcl6n2EcRcIf83iflWVU,Hollow Pond Boat House Car Park,"Whipps Cross Rd, London E11 1NR, United Kingdom",51.5794677,0.0052919,parking,5,0
ChIJY1S2KPkFdkgR9PMXXCH4-Xo,Caldway Gardens Garage Block,"Leda Court, Caldwell Gardens Estate, Hackford Rd, London SW9 0EX, United Kingdom",51.4774404,-0.1141314,parking,0,0
ChIJ4Q2DW5YFdkgRqbmdwK7BCbc,Garage Block,"Hertford Estate Elam Close London SW2, London SE5 9DT, United Kingdom",51.4688593,-0.1032572,parking,0,0
ChIJWdV7ZQgFdkgRGFwfoxcE5BM,Garage Block,"Mercury Court, Caldwell Gardens Estate, Southey Rd, London SW9 0PA, United Kingdom",51.4758892,-0.1136379,parking,0,0
ChIJiU4N4dYadkgRTFTSvG5HZOc,Bank Park - Devonshire Row Mews Car Park,"2 -5 Devonshire Row Mews, Devonshire St, London W1W 5AU, United Kingdom",51.5225692,-0.1450197,parking,3.7,0
ChIJ2eOXg-IadkgRge24REmm3Lk,Justpark Parking Limited,"106-110 Kentish Town Rd, London NW1 9PX, United Kingdom",51.5442876,-0.1413918,parking,0,0
ChIJLXpEzLlzdkgRZi8sFekYVDI,YourParkingSpace Ibis London Heathrow Airport Car Park,"112-114 Bath Rd, Harlington, Hayes UB3 5AL, United Kingdom",51.4808919,-0.4307004,parking,0,0
ChIJ7wQbsyR1dkgRu7CP9YnnrvI,Walton Park Car Park,"68 Walton Park, Walton-on-Thames KT12 3EY, United Kingdom",51.3778607,-0.391257,parking,4.8,0
ChIJ4Z4ltJEKdkgR0SxsZxPef-o,Hare Lane Car Park,"123 Hare Ln, Claygate KT10 0RD, United Kingdom",51.3599273,-0.3411901,parking,5,0
ChIJy9JpOJEKdkgRH4H7XEujSJs,Torrington Lodge Car Park,"164 Hare Ln, 111 Hare Ln, Claygate, Esher KT10 0QY, United Kingdom",51.3608086,-0.3447497,parking,4.3,0
ChIJ79qP1scKdkgRL_3VgjxEwXc,Civic Centre Car Park,"Esher KT10 1TA, United Kingdom",51.37026119999999,-0.3623034,parking,3,0
ChIJb32tvckKdkgRu-M76Bg37_o,Heather Place Car Park,"10 Heather Pl, Esher KT10 8NN, United Kingdom",51.3690329,-0.3672702,parking,4.2,0
ChIJET9hr5V5dkgRXOkKDLpEH7c,Virginia Water Car Park,"London Rd, Virginia Water GU25 4QF, United Kingdom",51.4099065,-0.5911552,parking,4.3,0
ChIJG-dGZQB1dkgRUhP4jiWlWTM,Drewitts Court Car Park,"Walton-on-Thames KT12 1BG, United Kingdom",51.3863625,-0.421538,parking,4.1,0
ChIJJf03fWp1dkgR3HUuk8KTkxA,New Berry Lane Car Park,"1 New Berry Ln, Hersham, Walton-on-Thames KT12 4HR, United Kingdom",51.364609,-0.3990211,parking,4,0
ChIJb99r_711dkgRL-V7OlEjKbQ,Ashley Park car park,"197 Ashley Park Ave, Walton-on-Thames KT12 1ET, United Kingdom",51.3828787,-0.4228653,parking,4.3,0
ChIJsXttWcptdkgRpVsIwbtIB_M,Hillingdon Station Car Park,"Parking lot, 335 Long Ln, Uxbridge UB10 9JU, United Kingdom",51.5533873,-0.4502848,parking,4.1,0
ChIJ5a0B6bt1dkgRgr5K7hDDWJE,Oatlands Village Car Park,"Oatlands Dr, Weybridge KT13 9AE, United Kingdom",51.37340769999999,-0.4384698,parking,3.5,0
ChIJw28llboIdkgRZWnOXyr7RSk,Broadway Car Park,"19 Russell Road, London W14 8HU, United Kingdom",51.4193157,-0.2003896,parking,3.8,0
ChIJo1ivB1EPdkgRNHG_7R9_vDw,YourParkingSpace London Car Park,"380 Kensington High St, London W14 8NL, United Kingdom",51.4965967,-0.2065452,parking,4.6,0
ChIJf_wTlFLudUgR_ncKlgIjYJU,Purple Parking,"Charlwood Rd, Horley, Crawley RH11 0QB, United Kingdom",51.142947,-0.211074,parking,4.2,0
ChIJU_yo42_xdUgRIYa6BW_isFE,Gatwick airport Parking,"Horley, Gatwick RH6 0NP, United Kingdom",51.1565564,-0.158261,parking,0,0
ChIJbf3ZWBl5dkgRGzzyXZ-np6Q,London Road Car Park,"116 London Rd, Sunningdale, Ascot SL5 0DJ, United Kingdom",51.3931324,-0.6287559,parking,3,0
ChIJddfd4AtS30cRQwG7EZ7JGp4,Bradbourne Car Park,"2 Bradbourne Park Rd, Sevenoaks TN13 3LJ, United Kingdom",51.2790046,0.1819282,parking,4.1,0
ChIJ-VV3YfEPdkgRu7PGWjVR6ko,Just park,"35 Mornington Ave, London W14 8UJ, United Kingdom",51.4916399,-0.2046336,parking,2,0
ChIJW3Ft4rQadkgR5U9JuPf5xGw,JustPark Raynham Apartments,"Behind Raynham Apartments, Norfolk Cres, Tyburnia, London W2 2PG, United Kingdom",51.516622,-0.167504,parking,4.2,0
ChIJsToomOMFdkgRNZ1iwlLK_Wg,JustPark,"John Adam St, London WC2N 6AU, United Kingdom",51.508985,-0.121481,parking,0,0
ChIJ81sTQHwBdkgRY_8UD-8mqtY,1 Sydenham Station Approach Parking,"Sydenham Station, London SE26 5EU, United Kingdom",51.427156,-0.0542494,parking,5,0
ChIJoSTXiusFdkgRCMMW3pQmSCU,Maytree Walk Garage Block,"1, Maytree Walk, London SW2 3HZ, United Kingdom",51.4379801,-0.1128091,parking,5,0
ChIJjWxv-bIEdkgRaTosNMsuAe8,Green Parking Ltd. Amwell Street Public Car Park,"1-3 Amwell St, London EC1R 1UL, United Kingdom",51.5269716,-0.1091386,parking,3.9,0
ChIJz2SKs-gZdkgRed_tUzEhhG8,7 Stanhope Rd Parking,"7 Stanhope Rd, London N12 9QG, United Kingdom",51.615059,-0.1758018,parking,3.3,0
ChIJO9KLrrYadkgR-DBM7GJUvMM,CitiPark Bell Street - London,"Burne House, 5 Bell St, London NW1 5BZ, United Kingdom",51.5204829,-0.1698635,parking,4,0
ChIJT3f0rnMFdkgRj6VUs2Db36c,RCP Parking,"Arlington St, St. James's, London SW1 1RA, United Kingdom",51.5067908,-0.1407885,parking,5,0
ChIJtZDkWKgFdkgR70blhspyKTY,Motorcycle bay,"9 Prairie St, London SW8 3PT, United Kingdom",51.4703875,-0.1505227,parking,0,0
ChIJmbMe4L4HdkgRupV915xafEU,Garage Block - Grassmere Road,"2-24 Grasmere Rd, London SW16 2HP, United Kingdom",51.4269831,-0.1227394,parking,0,0
ChIJ70_Qj5MGdkgRzQgsRU-UNYc,Granville Gardens,"26 Granville Gardens, Norbury, London SW16 3LL, United Kingdom",51.41342359999999,-0.1235627,parking,4,0
ChIJZ01semwHdkgRnc8I31vMVk8,Garage Block,"St Anselms Court, St Anselm's Court Estate, Oakdale Rd, London SW16 2HN, United Kingdom",51.4271386,-0.1254318,parking,0,0
ChIJybb3RrUcdkgRh9jTzkAI9Go,NCP London Whitechapel High Street,"Yard, Whitechapel High Street Spreadeagle, London E1 7RA, United Kingdom",51.5159007,-0.07213649999999999,parking,2.6,0
ChIJS_IIohgFdkgRy4xZynelrKE,Garage Block,"Herne Hill House Hurst Street Estate Hurst Street London SE24, London SE24 0EE, United Kingdom",51.4539607,-0.1042977,parking,0,0
ChIJ85gq0Nap2EcRO3h3XOkLL-E,Blackheath Station Car Park,"Hurren Cl, Blackheath, London SE3 9LE, United Kingdom",51.465787,0.0064957,parking,3.9,0
ChIJ9VsPmNGp2EcRofybb4D2AEk,Blackheath Grove Car Park,"3 Blackheath Grove, Blackheath, London SE3 0DG, United Kingdom",51.4664274,0.0094675,parking,4,0
ChIJOwCGDMALdkgRL9Xd92sG-fQ,National Car Parks Plc,"1 St James's Rd, Kingston upon Thames KT1 2AH, United Kingdom",51.4084003,-0.3043715,parking,0,0
ChIJGz50-xcadkgRt-avlp3br3U,East Finchley Station Car Park (LUL),"1 High Rd, London N2 0XB, United Kingdom",51.5882421,-0.1659426,parking,4.3,0
ChIJi-Ji3ZAadkgRXtgtqsPSVWs,Regency Car Park - Swiss Cottage | Parking-Here.com,"97 Avenue Road, London NW3 5EG, United Kingdom",51.5422531,-0.1743153,parking,3.6,0
ChIJ10_1szAbdkgRDfOnddlqN9I,NCP London Brunswick Square,"Marchmont St, London WC1N 1AF, United Kingdom",51.5236575,-0.1242657,parking,4,0
ChIJy8awW7UadkgR4m2a_5gyeok,NCP Park West Garage Car Park,"2 Park W Pl, St George's Fields, London W2 2QZ, United Kingdom",51.5156995,-0.1648386,parking,3,0
ChIJqdzfbOQDdkgRJKUs7lPyGzY,JustPark,"Thrale St, London SE1 9HW, United Kingdom",51.504879,-0.09368599999999999,parking,0,0
ChIJQeI_Y4oFdkgRnw5CUUgqyNQ,JustPark,"Upper Ground, London SE1 9PX, United Kingdom",51.50624699999999,-0.114228,parking,5,0
ChIJHXengVsFdkgRF0xGmzk7QGE,St Thomas' Hospital Main Car Park,"North Wing, Lambeth Palace Rd, London SE1 3FT, United Kingdom",51.4999808,-0.1191249,parking,2.7,0
ChIJJeH7z0UFdkgRqiGiNlC6iWA,Ponton House Garage,"Ponton House, Palace Rd, London SW2 3EG, United Kingdom",51.4408936,-0.1158909,parking,0,0
ChIJTZbdlVMbdkgRIi0wCd5Nm8Q,Smithfield Car Park,"London EC1A 9DY, United Kingdom",51.5186747,-0.100847,parking,4.1,0
ChIJ6zoVKoMCdkgRmx1fgBqmrms,Park Row Car Park,"25 Park Row, London SE10 9NL, United Kingdom",51.4832273,-0.0030126,parking,3.4,0
ChIJL5snYwUcdkgRH3Th9wZ_EdQ,PARKUPHERE - The destination website for parking in London,"2 Downhills Park Rd, London N17 6PG, United Kingdom",51.58856309999999,-0.0844003,parking,4.3,0
ChIJU-Zn67EcdkgRSVwRMxAv1gU,Parking Partners Management Services Ltd,"Broadwalk House, 5 Appold St, London EC2A 2AG, United Kingdom",51.5212908,-0.08085339999999999,parking,0,0
ChIJqbBcszQFdkgRP7v2rpO5NGM,NCP Car Park London Marble Arch,"Great Cumberland Pl, London W1H 7LB, United Kingdom",51.5147328,-0.1600044,parking,2.8,0
ChIJtW4uPzgOdkgRN_0zeGXLU-o,Stamford Brook Car Park,"17-19 Welstead Way, Chiswick, London W4 1NH, United Kingdom",51.4953413,-0.2481165,parking,3.6,0
ChIJAezSe7lzdkgRFYx081Yj0P8,Heathrow Airport Terminal 4 Car Park - Hounslow | APCOA,"Heathrow Airport, Sheffield Rd, Longford, Hounslow TW6 3AF, United Kingdom",51.4591741,-0.4406595,parking,3,0
ChIJlTKG618FdkgRY2gaQq21sUk,Garage Block,"2 Rear Of 7 To 23 Hillside Road London SW2, London SW2 3HL, United Kingdom",51.4378087,-0.1160442,parking,0,0
ChIJZ8trOKap2EcRlnIfEXxlEQE,Car Park 3 - The O2,"Cutter Ln, London SE10 0ER, United Kingdom",51.5003994,0.007525400000000001,parking,2.5,0
ChIJNVMUbeMFdkgRbMM2sRdTsE8,Parking,"39 Ebury Bridge Rd, London SW1W 8RT, United Kingdom",51.48944179999999,-0.1501102,parking,0,0
ChIJGbfhPboIdkgRk3kz9PSrCwA,Hartfield Road Car Park,"Hartfield Rd, London SW19 3TB, United Kingdom",51.4189689,-0.2039474,parking,3.6,0
ChIJOfX427kIdkgRIhTr0zrnWzg,Wimbledon Bridge Car Park,"12 Wimbledon Bridge, London SW19 7NW, United Kingdom",51.4200321,-0.2063636,parking,4.2,0
ChIJ7QANwrAIdkgRZtfsCk2Idfg,Centre Court Car Park,"30 Queen's Rd, London SW19 8NW, United Kingdom",51.421896,-0.2033251,parking,3.6,0
ChIJqYM57wgFdkgRgdatzGEh7Cg,Cressingham Gardens Garage Block,"Cressingham Gardens Estate, Ropers Walk, London SW2 2QN, United Kingdom",51.4453533,-0.1101054,parking,0,0
ChIJHxZarBsDdkgRLsfbX0lNB1A,Dulwich Hamlet FC Parking,"1 Abbotswood Rd, London SE22 8DJ, United Kingdom",51.4616408,-0.083062,parking,0,0
ChIJy90SZKwadkgRdLu1fQtER6s,APCOA Paddington Station Car Park,"Bishop's Bridge Rd, London W2 6AA, United Kingdom",51.5179303,-0.1812237,parking,3.4,0
ChIJDXlHorQDdkgRwYb8XNybaXE,Southwark Jamaica Gate Car Park for Visitors,"Carriage Dr, London SE16, United Kingdom",51.4952305,-0.0565621,parking,4.5,0
ChIJSzXcqRIDdkgRSLsXoT2nJkc,ASDA Customer Car Park,"43 Ossory Rd, London, United Kingdom",51.4834812,-0.0698825,parking,3.7,0
ChIJd54TpA8FdkgRP01hiVd1pJo,Car Park,"260 Olney Rd, London SE17 3HU, United Kingdom",51.482687,-0.101241,parking,0,0
ChIJUxHdkrEcdkgRWzA5UvytnkM,Broadgate Car Park,"London EC2M 3AB, United Kingdom",51.5211311,-0.0795167,parking,3.5,0
ChIJvbHsS1sDdkgRYa4Zokp4u2g,Motorcycle parking,"Morocco St, London SE1 3HB, United Kingdom",51.5003258,-0.0822425,parking,0,0
ChIJoWzJOEgFdkgR4-Rkt98QOCg,ParkBee APCOA - Cornwall Road underground parking lot,"51 Cornwall Rd, London SE1 9PU, United Kingdom",51.50616369999999,-0.1115049,parking,5,0
ChIJuX_-UJ0FdkgRTJPFOHK77dM,Urban Parking Shelton street,"42 Shelton St, London WC2H 9HJ, United Kingdom",51.5140222,-0.1245663,parking,3.6,0
ChIJX8hk9qEFdkgRAD8g6WQEiz4,Arthur Court Car Park - My Car Parks,"Queensway, London W2 5HL, United Kingdom",51.51627209999999,-0.1887028,parking,4.7,0
ChIJDUhoawAQdkgRGg0m4Gj9z-U,NCP Car Park London Arthur Court,"Arthur Court, Queensway, London W2 5HL, United Kingdom",51.51632,-0.1891262,parking,2.8,0
ChIJLaZKvvIddkgRKT0SWOHT19A,Westerfield Road Car Park,"Westerfield Rd, South Tottenham, London N15 5LD, United Kingdom",51.5837933,-0.07447959999999999,parking,4,0
ChIJVVDrXyIcdkgRcD-o5iTCyGs,Stoneleigh Road Car Park A,"1G Chesnut Rd, London N17 9ES, United Kingdom",51.5913134,-0.0690625,parking,2.6,0
ChIJVxixQMcbdkgRVOo4o6DjjxU,Crouch Hall Road Car Park,"Crouch Hall Rd, London N8 8HD, United Kingdom",51.5793999,-0.1250796,parking,4,0
ChIJa8i0tdgddkgR7QRGFXpwsEM,Stoneleigh Road Car Park B,"442 High Rd, London N17 9JB, United Kingdom",51.5919718,-0.06929819999999999,parking,0,0
ChIJ5y0pLjQFdkgR57i91XVCnsM,YourParkingSpace Park Lane,"22 Park Ln, London W1K 1BE, United Kingdom",51.5055122,-0.1504628,parking,5,0
ChIJoVX6E2kEdkgRtiZ1woWXS-c,Motorcycle Parking Bay,"1-69 Dalberg Rd, London SW2 1AJ, United Kingdom",51.4587674,-0.1132076,parking,5,0
ChIJiRhTWbhzdkgRjl2pUlXBQro,Heathrow Short Stay Parking Terminal 4 Car Park - Hounslow | APCOA,"Terminal 4, Salisbury Rd, Hounslow TW6 3YD, United Kingdom",51.4592911,-0.4466724,parking,3.9,0
ChIJfTrb8K4FdkgRBVKQb5xrlYI,Garage Block,"Tanswell Estate Murphy Street London SE1, London SE1 7FP, United Kingdom",51.4999457,-0.1122054,parking,0,0
ChIJfb0e8sMPdkgRPkUsmwLoQCY,Westfield London Car Park C,"7 Silver Rd, London W12 7SQ, United Kingdom",51.5089646,-0.2204212,parking,4,0
ChIJk3SHh7ep2EcRGKwgo7KTgFo,Queen Elizabeth Hospital - Car Park 2,"Charlton Park Ln, London SE18 4QH, United Kingdom",51.4798956,0.0520251,parking,3.6,0
ChIJf_OEj90FdkgRHtNVUjW2etc,JUST PARK CAR PARK,"97b Cromwell Rd, London SW7 4DN, United Kingdom",51.4943175,-0.1853241,parking,3,0
ChIJfyHYNB4CdkgR1RKkI8PNKUQ,Bellingham Leisure Centre Car Park - Lewisham | APCOA,"5 Randlesdown Rd, London SE6 3BT, United Kingdom",51.4322182,-0.0203817,parking,4,0
ChIJn0MZGmIddkgRsSUX7QvuUFU,Stratford Multi-Storey Car Park,"Service Rte No 1, London E15 1XE, United Kingdom",51.54226509999999,-0.0007678000000000001,parking,4,0
ChIJbTLokzMDdkgRYey-2fJqtV4,B & Y Car Park,"1 Christian St, London E1 1SE, United Kingdom",51.5111342,-0.0640808,parking,4,0
ChIJOWSBo6cFdkgRkZ-0Yn09Fm4,Garage Block,"Gaskell Street Estate Gaskell Street London SW4, London SW4 6NS, United Kingdom",51.4694484,-0.1287109,parking,0,0
ChIJJY5f1xkFdkgRPvOUAtxQdQQ,Union Road Garage Block,"Surcot House, Union Road Estate, Union Rd, London SW4 6JS, United Kingdom",51.46956489999999,-0.1310556,parking,0,0
ChIJfwp4nlUbdkgRwtW7ezkJV2g,City of London Corporation - Car and Bike Parking,"Barbican, London EC2V 5DY, United Kingdom",51.5176055,-0.0947049,parking,4.4,0
ChIJgXlp8OEFdkgRdyadfXtpqPs,Garage Block,"3 Mursell Estate, Portland Grove, London SW8 1JH, United Kingdom",51.4756381,-0.1221037,parking,0,0
ChIJHUhPD2YDdkgRH6OqlP2kJMo,Parking St. Katherine Docks,"17 Millers Wharf House, 78 St Katharine's Way, London E1W 1UE, United Kingdom",51.5054641,-0.07014139999999999,parking,0,0
ChIJn-RtnkEFdkgRB8NDBuHFa_o,Egerton Place Motorcycle Parking (free),"A308, London SW3 2DD, United Kingdom",51.4962396,-0.1691158,parking,3,0
ChIJk7g0B58FdkgREJW4Hzh5ZVM,ParkBee Pavilion Road - Knightsbridge,"28 Pavilion Rd, London SW1X 0HH, United Kingdom",51.4998058,-0.1609589,parking,0,0
ChIJ1Vg_K4Og2EcRwIToL5iFSeE,3 Richmond Rd Parking,"3 Richmond Rd, London E4 7BN, United Kingdom",51.6308497,0.002293,parking,5,0
ChIJURM28WGp2EcR92HAC7LmR5s,Royal Victoria Car Park,"Westgate Apartments, 14 Western Gateway, London E16 1BJ, United Kingdom",51.508291,0.0214908,parking,1,0
ChIJKxiBKXwFdkgRKQlktjhMhBw,Ncp car park,"hotel and spa, Pestena, Chelsea Brg, London, United Kingdom",51.481446,-0.1482578,parking,3,0
ChIJx44qV_UNdkgRUr-K0QDXZ7I,Springbridge Multi-Storey,"12 Spring Bridge Rd, London W5 2AB, United Kingdom",51.5143651,-0.305298,parking,4,0
ChIJLXUjQRmo2EcRSvtmM_Nc70E,Coach Parking - The O2,"Millennium Way, London SE10 0BN, United Kingdom",51.4986931,0.005840499999999999,parking,3.9,0
ChIJjeDQHtwddkgRZ__BbGpRpKA,Stoneleigh Road Car Park C,"302 Stoneleigh Rd., London N17 9JG, United Kingdom",51.59341629999999,-0.0686199,parking,0,0
ChIJaVANYl0FdkgRhUYTkJ9gWhg,.,"39-40 Harrington Rd, South Kensington, London SW7 3ND, United Kingdom",51.4937255,-0.1780147,parking,3.9,0
ChIJTbpbJVQbdkgRXTSwkJhXtvs,NCP London Barbican,"158-170 Aldersgate St, Barbican, London EC1A 4HY, United Kingdom",51.51845609999999,-0.0972421,parking,2.8,0
ChIJSwGxz9dydkgRAPYspdeouM4,London Parking Hounslow West Station,"343 Bath Rd, Hounslow TW3 3DH, United Kingdom",51.4731166,-0.3857189,parking,4,0
ChIJyzx6k80HdkgRUBiFnTnPbR8,Garage,"Linton Grove Estate Beneath 39 To 45 Eden Road London SE27, London SE27 0UA, United Kingdom",51.426312,-0.1035206,parking,0,0
ChIJRfmJ_2oFdkgR3JHKG5Nl47Y,Garage Block,"Rear Of William Brown Court William Brown Court Estate Norwood Road London SE27, London SE27 9DD, United Kingdom",51.4375691,-0.1046578,parking,0,0
ChIJ4YQkov0BdkgRA2ywDNDqbgY,Garage Block,"Queenswood Court Estate Hamilton Road London SE27, London SE27 9QY, United Kingdom",51.4277493,-0.0879961,parking,0,0
ChIJaw0TLvwHdkgRqxWJ0qG5Q4Y,Darlington Road Garage,"40-54 Darlington Rd, Norwood, London SE27 0QA, United Kingdom",51.42625409999999,-0.1046411,parking,0,0
ChIJp8m9XVABdkgRweGOdvitgBs,Garage Block,"Charters Cl, Norwood, London SE19 1QN, United Kingdom",51.4257226,-0.08540249999999999,parking,0,0
ChIJVST8wnkHdkgRP3ymggwbgK0,St Julian's Farm Road Garage Block,"124 St Julian's Farm Rd, Norwood, London SE27 0RR, United Kingdom",51.42830009999999,-0.1123863,parking,0,0
ChIJcwIwp8UHdkgRhuDhr_3aiuk,Cork Tree House Garage Block,"Cork Tree House, Portobello Estate, Cedar Tree Grove, London SE27 0QU, United Kingdom",51.425498,-0.1063068,parking,0,0
ChIJA5XtMZAFdkgRHcfk5kk0SiI,Friar Mews Garage Block (Hainthorpe),"Hainthorpe Estate, Friar Mews, London SE27 0PU, United Kingdom",51.43229359999999,-0.1081746,parking,0,0
ChIJUUW7T7QHdkgRu1WVAyvHMdQ,Pondfield House Garage Block,"Pondfield House, Woodvale Estate, Tivoli Rd, London SE27 0HF, United Kingdom",51.4239998,-0.1005305,parking,0,0
ChIJJ75ajSYHdkgRZvTVyFKa79I,Holderness Estate Garage Block,"Holderness Estate, Holderness Way, London SE27 0EG, United Kingdom",51.4237671,-0.1026321,parking,5,0
ChIJZ79NdTbUdUgRYoX_tSyU93k,Stoney Castle Car Park,"Gapemouth Rd, Pirbright, Woking GU24 0PQ, United Kingdom",51.297839,-0.6783769,parking,4.3,0
ChIJTRR-Xl0bdkgR82vj58rde6o,Upper Street Car Park,"52 Upper St, London N1 0PW, United Kingdom",51.5354737,-0.1046668,parking,3.9,0
ChIJl_9WrqscdkgRZ-q5Hkol6Zg,Vallie Parking,"1 Fore St Ave, Barbican, London EC2Y 5EJ, United Kingdom",51.5181045,-0.090487,parking,4.6,0
ChIJZ2IPzoQFdkgRaHrURjwUEiU,Palace Road Estate Garage Block,"Palace Road Estate, Bushell Cl, London SW2 3NJ, United Kingdom",51.4403856,-0.1165193,parking,0,0
ChIJyWiGAa03dkgR-ZsJQvL4ZPY,Luton Airport Parking,"London Luton Airport Roundabout, Luton LU2 9GP, United Kingdom",51.8771628,-0.3743082,parking,3.6,0
ChIJVTPDGucBdkgRxWl0SC87CU4,Crystal Palace Car Park,"Ledrington Rd, Anerley, London SE19 2GA, United Kingdom",51.4197766,-0.07096680000000001,parking,0,0
ChIJrafJ_UIBdkgRqHzaCLGLMD4,Crystal Palace Station (LUL),"Crystal Palace Station Rd, London SE19 2BF, United Kingdom",51.4182129,-0.0729628,parking,4.6,0
ChIJ4Zx-nGYBdkgRzdcIz3JqgCw,Ledrington Road Car Park,"Ledrington Rd, London SE19 2GA, United Kingdom",51.4206768,-0.06926370000000001,parking,0,0
ChIJA3U683kBdkgRLJDf1ILzD0M,Ledrington Road Parking,"Ledrington Rd, London SE19 2GA, United Kingdom",51.4183913,-0.0740097,parking,0,0
ChIJHwwkbk8BdkgRGhyyVEXnGsc,Sainsbury Car Park,"Unnamed Road, London SE19 3RP, United Kingdom",51.4174558,-0.0830446,parking,5,2
ChIJCej_i_QBdkgRoThANHW7fag,Garage Block,"13-37 Vicars Oak Rd, Norwood, London SE19 1HE, United Kingdom",51.4203126,-0.0842535,parking,0,0
ChIJsSgryWUBdkgRYgnjlEXb0QI,Crystal Palace Park,"33 Crystal Palace Park Rd, London SE26 6UR, United Kingdom",51.4225863,-0.0632451,parking,4.6,0
ChIJJ-XtaEIBdkgRTwqrE4Tp4Sw,Garage Block - Claylands Court,"Claylands Court Estate, Whiteley Rd, London SE19 1EB, United Kingdom",51.4250345,-0.0905882,parking,0,0
ChIJQa4sbMIBdkgRO-F-Bw6qsGk,Crystal Palace Park car park,"83 Thicket Rd, London SE20 8DS, United Kingdom",51.4186874,-0.06235540000000001,parking,4,0
ChIJXeIjVOEBdkgRMhAaEIQ_zus,Staff car park,"William Booth Rd, Anerley, London SE20 8BW, United Kingdom",51.411593,-0.06851539999999999,parking,0,0
ChIJkdv2e7YBdkgR7TuyvjIi-iE,Church car park,"London SE20 8LX, United Kingdom",51.41189019999999,-0.06412690000000001,parking,0,0
ChIJk4RB0PUPdkgR4ARqZ2ah-Eo,Copthorne Tara Hotel Parking,"5SY, Scarsdale Pl, London, United Kingdom",51.4987747,-0.1911686,parking,3.2,0
ChIJLeSLPIqn2EcRQ57-AveWT8U,Roycroft House Car Park (Permit Holders Only),"U, 12 Cuthberga Cl, Barking IG11 8BS, United Kingdom",51.5388027,0.0775179,parking,0,0
ChIJxQJfq42l2EcRPePv9BGDbkk,Lodge Avenue Junction Car Park,"454 Lodge Ave, Dagenham RM9 4QS, United Kingdom",51.5348708,0.1109925,parking,0,0
ChIJk8IrLGmq2EcRNZgmQwQFkJk,NCP Car Park Bromley The Mall,"Elmfield Rd, Bromley BR1 1TR, United Kingdom",51.4022874,0.0178248,parking,3.1,0
ChIJc2j8uXKr2EcR_EDAZ_9d_dc,NCP Car Park Bromley Travelodge,"37 London Rd, Bromley BR1 1DG, United Kingdom",51.4100925,0.0098563,parking,0,0
ChIJ50zyL7ir2EcRd5YtPvE_dqE,Car Park St Mark's Square - Bromley | APCOA,"5 Simpson's Rd, Bromley BR2 9AP, United Kingdom",51.39898969999999,0.0156584,parking,4,0
ChIJXdtCrZ6r2EcRy4LqwOsXeiM,Bromley North Station Car Park,"Bromley BR1 3LP, United Kingdom",51.4101818,0.0182445,parking,5,0
ChIJ0b65eU0bdkgRw1seeR_WNXs,ParkBee King's Cross - Killick Street,"2 Killick St, London N1 9JZ, United Kingdom",51.5317722,-0.1180474,parking,4,0
ChIJEcWBmk2r2EcRbbVIHC2i3q8,The Glades car park,"Bromley BR1 3EF, United Kingdom",51.403956,0.0180926,parking,3.3,0
ChIJ4w4-4dQadkgRT3DiIcsC9So,Q-Park Oxford Street,"Cavendish Square, London W1G 0PG, United Kingdom",51.516183,-0.14442,parking,4,0
ChIJ_X_zNVAEdkgRxrnDNkwsL7Y,Motorcycle Parking Bay,"6 Cato Rd, London SW4 7TX, United Kingdom",51.463683,-0.1316151,parking,0,0
ChIJg5UKRJkIdkgRpIfk_nUj7i8,Kenley Road Car Park,"11 Harland Cl, London SW19 3DW, United Kingdom",51.4054613,-0.1942715,parking,4.1,0
ChIJLZuD2s4BdkgR8a95yjgHcTw,Garage Block 1,"1 Central Hill Estate, Highland Rd, London SE19 1DT, United Kingdom",51.4196106,-0.08350969999999999,parking,0,0
ChIJ8ZWD2a4BdkgRrOiDAJV0usg,Garage Block 4,"4 Central Hill Estate, Highland Rd, London SE19 1DW, United Kingdom",51.4212962,-0.0847983,parking,4,0
ChIJm_BAsDan2EcRWdi2HYywiUo,Redbridge Council Parking,"1EB, Primrose Rd, London, United Kingdom",51.5931502,0.0287861,parking,3,0
ChIJj1ZBw7YFdkgRpanLuuCM-T0,Motorcycle Parking Bay,"19 Great Guildford St, London SE1 9EP, United Kingdom",51.50551919999999,-0.09733689999999999,parking,3.5,0
ChIJK9vhR2oFdkgReBDRU7x-MIE,Motorcycle Parking Bay,"Ixworth Pl, London SW3 3QX, United Kingdom",51.4918963,-0.168699,parking,5,0
ChIJUf_3ZG9xdkgRXKojt2JK6Es,Airport Parking 4 U - Heathrow,"Gleneagles Cl, Stanwell, Heathrow TW19 7PD, United Kingdom",51.4580363,-0.4828327,parking,1.6,0
ChIJG2RvU6ccdkgRejPGTaZnMkk,Central Parking Management,"20-22 Wenlock Rd, London N1 7GU, United Kingdom",51.5306325,-0.09356959999999999,parking,0,0
ChIJlYHgPsoadkgRazz09AtVdLQ,Highview Parking,"88 Crawford St, London W1H 2EJ, United Kingdom",51.5189847,-0.162429,parking,1.1,0
ChIJI7uYc_UCdkgRnSlCH1j2rLE,Vanguard Street Car Park,"Vanguard St, London SE8 4DQ, United Kingdom",51.4740747,-0.0260407,parking,3.6,0
ChIJh---7-MFdkgRd6zxrR5a-t0,Baly House Garage,"31 Palace Rd, London SW2 3EG, United Kingdom",51.44112029999999,-0.1164984,parking,0,0
ChIJy-n8YuYFdkgRom3yLzl8pDQ,170 Barcombe Avenue Garage Block,"170 Barcombe Ave, London SW2 3BB, United Kingdom",51.4382052,-0.1204007,parking,0,0
ChIJC-xY3skCdkgRE3YKp5gAdB4,ParkBee Canary Wharf - Saba Car Park,"Hertsmere Rd, London E14 4AN, United Kingdom",51.5081723,-0.0236105,parking,3.8,0
ChIJcZYajxABdkgRzfdl5X5prQo,Blenheim multi storey car park,"19 Evelina Rd, London SE20 7AF, United Kingdom",51.41377139999999,-0.05262460000000001,parking,4,0
ChIJjfd4TC8FdkgRj1NrUJs-oHA,Sheraton Grand London Park Lane 24hours Parking,"51-53 Brick St, London W1J 7DH, United Kingdom",51.5053816,-0.1470167,parking,4.4,0
